{
    "screen": {
        "name": "Login",
        "id": 1,
        "onLoad": [],
        "style": "bgColor:#D3D3D3",
        "layout": [{
            "viewId": 1,
            "viewType": "stackView",
            "orientation": "vertical",
            "percentages": [20, 60, 20],
            "childs": [{
                    "viewId": 2,
                    "viewType": "imageView",
                    "properties": "name:banner|image:logo.png|highlight:null|isUserInteraction:false",
                    "style": "alpha:1|bgColor:#fff|borderColor:null|radius:null|align:center"
                },
                {
                    "viewId": 3,
                    "viewType": "stackView",
                    "orientation": "vertical",
                    "childs": [{
                            "viewId": 4,
                            "viewType": "space"
                        },
                        {
                            "viewId": 5,
                            "viewType": "label",
                            "properties": "name:username_label|displayText:Username:",
                            "style": "alpha:1|fontsize:20|textColor:#000|bgColor:null|borderColor:null|radius:null|align:left"
                        },
                        {
                            "viewId": 6,
                            "viewType": "textField",
                            "properties": "name:username|placeholder:Enter Username|secure:false",
                            "style": "alpha:1|fontsize:20|textColor:#000|bgColor:null|borderColor:#0000ff|radius:null|align:left"
                        },
                        {
                            "viewId": 7,
                            "viewType": "label",
                            "properties": "name:password|displayText:Password:",
                            "style": "alpha:1|fontsize:20|textColor:#000|bgColor:null|borderColor:null|radius:null|align:left"
                        },
                        {
                            "viewId": 8,
                            "viewType": "textField",
                            "properties": "name:password|placeholder:Enter Password|secure:true",
                            "style": "alpha:1|fontsize:20|textColor:#000|bgColor:null|borderColor:#0000ff|radius:null|align:left"
                        },
                        {
                            "viewId": 9,
                            "viewType": "space"
                        }
                    ],
                    "percentages": [5, 20, 20, 20, 20, 15]
                },
                {
                    "viewId": 10,
                    "viewType": "stackView",
                    "orientation": "vertical",
                    "childs": [{
                            "viewId": 11,
                            "viewType": "button",
                            "properties": "name:login|image:null|highlight:null|isUserInteraction:true",
                            "style": "alpha:1|bgColor:#000|borderColor:null|radius:null|align:center"
                        },
                        {
                            "viewId": 12,
                            "viewType": "label",
                            "properties": "name:password|displayText:Copyright © 2020 All rights reserved",
                            "style": "alpha:1|width:300|height:60|textColor:#000|bgColor:null|borderColor:null|radius:null|align:center"
                        }
                    ],
                    "percentages": [30, 70]
                }
            ]
        }],
        "onError": [],
        "stringReference": "common.strings"
    }
}