{
    "parent": "common/layouts/hf.json",
    "layout": [{
        "viewId": 3,
        "viewType": "stackView",
        "orientation": "vertical",
        "childs": [{
                "viewId": 3,
                "viewType": "space"
            },
            {
                "viewId": 3,
                "viewType": "stackView",
                "orientation": "vertical",
                "childs": [{
                        "viewId": 3,
                        "viewType": "space"
                    },
                    {
                        "viewId": 4,
                        "viewType": "label",
                        "properties": "name:username_label|displayText:Username:",
                        "style": "alpha:1|fontsize:22|textColor:#000000|bgColor:null|borderColor:null|radius:null|align:left"
                    },
                    {
                        "viewId": 5,
                        "viewType": "textField",
                        "properties": "name:username|placeholder:Enter Username|secure:false",
                        "style": "alpha:1|fontsize:20|textColor:#000000|bgColor:null|borderColor:#0000ff|radius:null|align:left",
                        "action": [{
                            "validator": "required",
                            "params": "",
                            "errMsg": "required field"
                        }, {
                            "validator": "minlength",
                            "params": "4",
                            "errMsg": "minimum length required"
                        }, {
                            "validator": "maxlength",
                            "params": "20",
                            "errMsg": "reached max length"
                        }]
                    },
                    {
                        "viewId": 6,
                        "viewType": "label",
                        "properties": "name:password|displayText:Password:",
                        "style": "alpha:1|fontsize:22|textColor:#000000|bgColor:null|borderColor:null|radius:null|align:left"
                    },
                    {
                        "viewId": 7,
                        "viewType": "textField",
                        "properties": "name:password|placeholder:Enter Password|secure:true",
                        "style": "alpha:1|fontsize:20|textColor:#000000|bgColor:null|borderColor:#0000ff|radius:null|align:left"
                    },
                    {
                        "viewId": 3,
                        "viewType": "space"
                    },
                    {
                        "viewId": 8,
                        "viewType": "button",
                        "properties": "name:login|placeholder:Login|image:null|highlight:null|isUserInteraction:true",
                        "style": "alpha:1|bgColor:#3498DB|borderColor:#1B4F72|textColor:#F7F9F9|radius:5|align:center",
                        "action": "onLogin"
                    }
                ],
                "percentages": [5, 10, 20, 10, 20, 5, 30]
            },
            {
                "viewId": 3,
                "viewType": "space"
            }
        ],
        "percentages": [20, 60, 20]
    }]
}