{
    "screen": {
        "name": "Login",
        "id": 1,
        "onLoad": [],
        "style": "bgColor:#FFCCFF",
        "layout": [{
            "viewId": 1,
            "viewType": "stackView",
            "orientation": "vertical",
            "percentages": [20, 60, 20],
            "childs": [{
                    "viewId": 2,
                    "viewType": "imageView",
                    "properties": "name:banner|image:logo.png|highlight:null|isUserInteraction:false",
                    "style": "alpha:1|width:300|height:60|bgColor:#ffff00|borderColor:null|radius:null|align:center"
                },
                {
                    "viewId": 3,
                    "viewType": "stackView",
                    "orientation": "vertical",
                    "childs": [{
                            "viewId": 4,
                            "viewType": "space"
                        },
                        {
                            "viewId": 5,
                            "viewType": "label",
                            "properties": "name:banner|image:logo.png|highlight:null|isUserInteraction:false",
                            "style": "alpha:1|width:300|height:60|bgColor:#0000ff|borderColor:null|radius:null|align:center"
                        },
                        {
                            "viewId": 6,
                            "viewType": "textField",
                            "properties": "name:banner|image:logo.png|highlight:null|isUserInteraction:false",
                            "style": "alpha:1|width:300|height:60|bgColor:#0000ff|borderColor:null|radius:null|align:center"
                        },
                        {
                            "viewId": 7,
                            "viewType": "label",
                            "properties": "name:banner|image:logo.png|highlight:null|isUserInteraction:false",
                            "style": "alpha:1|width:300|height:60|bgColor:#ff0000|borderColor:null|radius:null|align:center"
                        },
                        {
                            "viewId": 8,
                            "viewType": "textField",
                            "properties": "name:banner|image:logo.png|highlight:null|isUserInteraction:false",
                            "style": "alpha:1|width:300|height:60|bgColor:#0f0fff|borderColor:null|radius:null|align:center"
                        },
                        {
                            "viewId": 9,
                            "viewType": "space"
                        }
                    ],
                    "percentages": [10, 20, 20, 20, 20, 10]
                },
                {
                    "viewId": 10,
                    "viewType": "stackView",
                    "orientation": "vertical",
                    "childs": [{
                            "viewId": 11,
                            "viewType": "button",
                            "properties": "name:banner|image:logo.png|highlight:null|isUserInteraction:false",
                            "style": "alpha:1|width:300|height:60|bgColor:#f00fff|borderColor:null|radius:null|align:center"
                        },
                        {
                            "viewId": 12,
                            "viewType": "label",
                            "properties": "name:banner|image:logo.png|highlight:null|isUserInteraction:false",
                            "style": "alpha:1|width:300|height:60|bgColor:#00ffff|borderColor:null|radius:null|align:center"
                        }
                    ],
                    "percentages": [60, 40]
                }
            ]
        }],
        "onError": [],
        "stringReference": "common.strings"
    }
}